date,final,seasonal,seasonal.adjustment,trend,irregular,adjustment.factor
1990-01-01,60120.3787913883,1.15523779514422,60120.3787913883,60272.4810545957,0.997476422729807,1.20528182717271
1990-02-01,60209.8974513103,0.955961868527913,60209.8974513103,60575.6578438769,0.993961924548812,0.947502028983418
1990-03-01,60878.1405777395,1.06630421286933,60878.1405777395,60917.9188993664,0.99934701771916,1.04589265368072
1990-04-01,61048.286308013,0.944215387614744,61048.286308013,61284.1413307931,0.996151450968253,0.95286868015433
1990-05-01,62323.574263107,1.01563261959239,62323.574263107,61631.5458211008,1.01122847776713,1.01670998092145
1990-06-01,61906.3610242137,0.996815120567661,61906.3610242137,61912.9273860771,0.999893941990134,0.986716049682003
1990-07-01,62450.949525977,0.997055546830086,62450.949525977,62128.9711969721,1.00518241848854,1.00076941142429
1990-08-01,62814.1855003751,1.00158895572349,62814.1855003751,62270.9076784782,1.00872442432832,1.02376556326781
1990-09-01,62559.1243914982,0.93742344443209,62559.1243914982,62322.082361363,1.00380349983752,0.892867356174042
1990-10-01,61997.7695957109,0.96066280196405,61997.7695957109,62329.1843725505,0.994682831482941,1.00227799169567
1990-11-01,62661.0100461111,0.973858626981484,62661.0100461111,62334.1208608173,1.00524414527356,0.980003353836954
1990-12-01,61150.0095317,0.983480948139557,61150.0095317,62379.8653564191,0.98028441039922,0.967391509061558
1991-01-01,62458.7361779842,1.16299096982637,62458.7361779842,62526.195723982,0.998921099465325,1.16422464573709
1991-02-01,62913.7242865639,0.964238707884622,62913.7242865639,62730.8815503311,1.00291471651145,0.955705621974138
1991-03-01,63026.1810408327,1.04972966116099,63026.1810408327,62924.413662947,1.00161729560852,1.01538755709376
1991-04-01,63054.4426633171,0.956089220073714,63054.4426633171,63106.0051943431,0.999182921960165,0.982056099213208
1991-05-01,63301.7402656932,0.981464152907404,63301.7402656932,63286.5110965567,1.00024063846897,1.00319516862345
1991-06-01,63693.686416874,1.0177313992014,63693.686416874,63455.5636542914,1.00375259077171,0.96935824370252
1991-07-01,63280.6438522264,0.981143931489359,63280.6438522264,63614.0509323987,0.994758908208398,1.02364634834102
1991-08-01,64015.180150197,0.999669058842089,64015.180150197,63775.1672499905,1.00376342251312,0.980533052515465
1991-09-01,63790.966289297,0.924698455249952,63790.966289297,63929.208349645,0.997837575907527,0.93317288422997
1991-10-01,64660.9375092152,0.997334625310983,64660.9375092152,64051.4578539131,1.00951546890146,0.998392576519627
1991-11-01,64216.3066676936,0.935645970295452,64216.3066676936,64117.2528919725,1.00154488489842,0.926166624744882
1991-12-01,64220.8734689122,1.04511186316835,64220.8734689122,64142.2077240978,1.00122642714689,1.04900472947649
1992-01-01,63837.2436057817,1.14679244964004,63837.2436057817,64172.3572275133,0.994777913166824,1.17218406957068
1992-02-01,64257.9577005592,0.975184377896548,64257.9577005592,64234.3111498891,1.00036812959066,0.975754634035846
1992-03-01,64145.1133364167,1.03600203976661,64145.1133364167,64329.0517901182,0.997140662755271,1.03986097351132
1992-04-01,64413.1395919831,0.974149283989503,64413.1395919831,64456.6748447987,0.999324581155941,0.980467656134251
1992-05-01,64369.1787139125,0.956983847044403,64369.1787139125,64625.3743956367,0.996035679729206,0.925675939797591
1992-06-01,64953.2730527817,1.01131085202682,64953.2730527817,64832.5118102957,1.00186266487468,1.03877752157573
1992-07-01,65030.9686268372,0.995504089283533,65030.9686268372,65062.0761763349,0.999521878929694,1.01754596920908
1992-08-01,64786.6049107366,0.9623593280863,64786.6049107366,65331.8985005627,0.991653486239629,0.946615432071153
1992-09-01,65698.5790781911,0.939003710085492,65698.5790781911,65665.455520788,1.0005044289595,0.948635432827629
1992-10-01,66147.7300122317,0.993503424892766,66147.7300122317,66028.4574541298,1.00180638110749,0.974485443235624
1992-11-01,66128.6008007505,0.907609621552223,66128.6008007505,66399.9102816063,0.995914008321622,0.915927439361647
1992-12-01,68102.6240669381,1.08698417007943,68102.6240669381,66735.9647942344,1.02047860215878,1.08813721960496
1993-01-01,67221.4249667933,1.15771116097567,67221.4249667933,66960.8139534449,1.00389199291289,1.11983642175372
1993-02-01,66650.3659553278,0.972971160759061,66650.3659553278,67132.438373543,0.992819083741113,0.964360796504556
1993-03-01,66236.6526980383,1.03312340732116,66236.6526980383,67394.4249514385,0.98282094914773,1.07787753595397
1993-04-01,68085.0423800764,0.996181304272202,68085.0423800764,67778.5519060735,1.00452193895242,1.0024668798616
1993-05-01,68019.2924842598,0.949922394197472,68019.2924842598,68210.2739010532,0.997200107756927,0.93438196251023
1993-06-01,68868.3507965108,1.00132576817354,68868.3507965108,68647.3328059217,1.00321961511912,1.01159675227085
1993-07-01,69628.183566492,1.00241104144823,69628.183566492,69056.7821967515,1.00827437004106,0.983222547154681
1993-08-01,69559.9540338877,0.957045347184364,69559.9540338877,69406.930929742,1.00220472367955,0.960610180499072
1993-09-01,69720.8092053273,0.935088711459828,69720.8092053273,69725.5816677297,0.999931553638016,0.941153735131723
1993-10-01,69962.3705157013,0.979230606398474,69962.3705157013,70051.1532279277,0.998732601704108,0.947194892218922
1993-11-01,69748.3632754851,0.923904422170515,69748.3632754851,70426.824787246,0.990366433332605,0.948997179167709
1993-12-01,70235.0809121302,1.0473576467326,70235.0809121302,70907.8216865823,0.990512460283638,1.07054763835282
1994-01-01,71829.4139615074,1.18768413655262,71829.4139615074,71473.5821259535,1.00497850849181,1.1682539975193
1994-02-01,72073.7097679756,0.959083741308955,72073.7097679756,72044.1975362325,1.00040964064772,0.950596274571708
1994-03-01,73593.8078418056,1.0885429542903,73593.8078418056,72553.3612396557,1.01434043281211,1.08969765734074
1994-04-01,72957.3045700512,0.962721982219069,72957.3045700512,72969.0525048781,0.999839001132347,0.952968320440669
1994-05-01,73178.9996868907,0.962988145241328,73178.9996868907,73342.5556000293,0.997769972537764,0.966575114481526
1994-06-01,73586.7579176011,0.994976717185383,73586.7579176011,73732.954905146,0.998017209703139,1.00143017691467
1994-07-01,74170.5094093355,0.997031010700198,74170.5094093355,74141.321309267,1.00039368195162,0.964412952932971
1994-08-01,74185.9255742606,0.955366644423054,74185.9255742606,74571.4488136574,0.994830149534037,0.996752408595086
1994-09-01,75248.6336566745,0.943618139671702,75248.6336566745,75025.7871357522,1.0029702656837,0.949572059022524
1994-10-01,75123.4225147816,0.959057440886052,75123.4225147816,75494.4785055174,0.99508499166984,0.943367562707296
1994-11-01,76378.4080572378,0.943445488118893,76378.4080572378,75966.7587699937,1.00541880809329,0.953122771889214
1994-12-01,76380.2399818405,1.03538337340997,76380.2399818405,76418.1978619128,0.999503287421919,1.01556371148405
1995-01-01,76807.297146844,1.17681941740946,76807.297146844,76851.4177111834,0.999425897847385,1.18120287225506
1995-02-01,77611.8327934236,0.980942445645732,77611.8327934236,77268.4489780502,1.00444403660116,0.972261539047097
1995-03-01,78080.4694222344,1.08751761014137,78080.4694222344,77633.1686676124,1.00576172224191,1.1115968006115
1995-04-01,77270.2373119668,0.958605228570839,77270.2373119668,77970.720402141,0.991016075181026,0.913042362160233
1995-05-01,78257.1980560848,0.971790338982885,78257.1980560848,78350.7350510289,0.998806175910369,1.01388756524526
1995-06-01,78754.4810389765,0.990758574771246,78754.4810389765,78769.1987618084,0.999813153833437,0.997009934725365
1995-07-01,79003.4302288487,0.976155757486803,79003.4302288487,79200.7973645635,0.997508015799307,0.960186156224642
1995-08-01,80244.9135875119,0.974604322580112,80244.9135875119,79621.3176396813,1.00783202245726,0.975638161970479
1995-09-01,80223.1833377979,0.919060804033505,80223.1833377979,79984.6626491142,1.0029820803237,0.909749488407716
1995-10-01,80743.0379685019,0.983924836198271,80743.0379685019,80281.0823453619,1.00575422764173,0.98758979109886
1995-11-01,79876.7320829,0.935520521019946,79876.7320829,80561.743824834,0.991497059157217,0.941588345426329
1995-12-01,79934.4180960014,1.02568117195468,79934.4180960014,80933.2066536387,0.987659100646887,0.9921258187525
1996-01-01,82005.6522986323,1.20341650343421,82005.6522986323,81407.127351114,1.00735224257376,1.25554760085382
1996-02-01,81932.3060461232,0.986791150071122,81932.3060461232,81884.9586098561,1.00057821896806,1.00376767076107
1996-03-01,81960.3465320224,1.04998803925261,81960.3465320224,82360.8153816915,0.995137628885614,1.01563748229733
1996-04-01,83828.2544877018,0.994251370242995,83828.2544877018,82835.3827456525,1.01198608262725,1.0212547132609
1996-05-01,83423.4475302518,0.963720637633126,83423.4475302518,83245.1519725071,1.00214181310887,0.985058786622312
1996-06-01,83122.8467173325,0.976469118873009,83122.8467173325,83631.2425868138,0.993920981516525,0.930057175049562
1996-07-01,84059.986797706,0.986928348389812,84059.986797706,84070.3183230531,0.999877108525895,1.02968134182912
1996-08-01,84355.8565017829,0.965409109583082,84355.8565017829,84563.5594905707,0.9975438239587,0.946928918898616
1996-09-01,84492.0941028648,0.911613220899845,84492.0941028648,85127.7083069391,0.992533404026543,0.919967729825322
1996-10-01,86000.6369684144,0.979976451781675,86000.6369684144,85771.595187073,1.00267036867907,0.981015989811633
1996-11-01,86449.1126578939,0.949396959969012,86449.1126578939,86448.1844894796,1.00001073670222,0.939778298494559
1996-12-01,86420.7560819084,1.035522788249,86420.7560819084,87166.7334707309,0.99144194856088,1.03937993686223
1997-01-01,89013.2941671738,1.18931670816717,89013.2941671738,87917.9064363879,1.01245921081593,1.21564987581265
1997-02-01,88848.9279151723,0.989681730298853,88848.9279151723,88609.4591056017,1.00270251970825,0.980923484897978
1997-03-01,88952.8435014196,1.05893186641837,88952.8435014196,89254.1373434609,0.996624315118504,1.04160807404118
1997-04-01,89549.7347080575,0.981404744132253,89549.7347080575,89936.5036752592,0.995699532988315,0.991471390612744
1997-05-01,90551.5641960739,0.964430765128721,90551.5641960739,90675.7078806648,0.998630904709846,0.945969302247724
1997-06-01,91610.2854190438,0.984176817624679,91610.2854190438,91438.4359257167,1.00187940105916,0.993196337985493
1997-07-01,92413.83841785,0.981603776294579,92413.83841785,92181.6417341406,1.0025189037572,0.982645040555525
1997-08-01,92680.6272265178,0.953166421561426,92680.6272265178,92901.8352577553,0.997618905690896,0.921983402110068
1997-09-01,93726.1980316692,0.926502302111758,93726.1980316692,93616.6868449506,1.00116978276426,0.951665616158478
1997-10-01,94434.7909466138,0.956698461140258,94434.7909466138,94313.5140316867,1.00128589117023,0.977881129129681
1997-11-01,95970.6112389886,0.959466919838314,95970.6112389886,94936.9727951399,1.01088762800642,0.913863096918254
1997-12-01,95490.8059425903,1.09535132499687,95490.8059425903,95452.5283950612,1.00040101135269,1.14280112020007
1998-01-01,94772.8629301784,1.12576889536183,94772.8629301784,95961.0583476905,0.987617941715409,1.10421904292475
1998-02-01,96649.4316892301,1.00910152890824,96649.4316892301,96559.8147937898,1.00092809721758,1.0001714268825
1998-03-01,97273.6238746243,1.0653247915602,97273.6238746243,97196.3238561279,1.00079529775849,1.06929294763464
1998-04-01,98252.587502597,0.974528653755371,98252.587502597,97801.0215273449,1.0046171907839,0.980849486507954
1998-05-01,99018.4460112545,0.961609148535579,99018.4460112545,98333.3796822447,1.00696677294347,0.930149923677167
1998-06-01,98367.896978245,0.984248566878274,98367.896978245,98808.9877937901,0.995535924156357,1.01098023903056
1998-07-01,98701.4342582662,0.969175115292445,98701.4342582662,99326.9553767047,0.993702403178813,0.990634034193998
1998-08-01,99940.6978174677,0.95752332316742,99940.6978174677,99930.360076957,1.00010344944722,0.941858542672172
1998-09-01,100362.219810517,0.927068234669699,100362.219810517,100586.967071866,0.997765642330297,0.93657753064316
1998-10-01,100991.279048307,0.954218070904153,100991.279048307,101292.748753915,0.99702377801652,0.935952102901751
1998-11-01,101734.178656018,0.935377915576033,101734.178656018,102062.347822128,0.996784620645006,0.943950216816531
1998-12-01,103682.012554808,1.14611920321793,103682.012554808,102848.007265397,1.0081091049947,1.14733498192
1999-01-01,104038.605203905,1.11520884104956,104038.605203905,103563.16867316,1.00459078779489,1.07872457324897
1999-02-01,104423.380716136,0.997156695178666,104423.380716136,104197.02701646,1.00217236236155,0.988332299646112
1999-03-01,104764.115262173,1.08018653440816,104764.115262173,104799.823861472,0.999659268517985,1.12697940229378
1999-04-01,104708.370074337,0.979215476807553,104708.370074337,105440.065357127,0.993060557385739,0.985394003619275
1999-05-01,104873.597363399,0.933326498503874,104873.597363399,106218.528871872,0.987338070647774,0.918057570451972
1999-06-01,108090.289937845,1.00579663041328,108090.289937845,107120.390635649,1.00905429205812,1.01611347386668
1999-07-01,108709.712422627,0.971932955316491,108709.712422627,107982.440772943,1.00673509178416,0.953327882950308
1999-08-01,108393.764612869,0.943743997298439,108393.764612869,108766.547771311,0.996572630408157,0.947259285316946
1999-09-01,109265.707571499,0.937781803414785,109265.707571499,109569.645694919,0.99722607368589,0.943864294591375
1999-10-01,109792.122693486,0.945355566267059,109792.122693486,110445.966811897,0.994079963829507,0.914428080421445
1999-11-01,111483.154107621,0.925134009323285,111483.154107621,111386.522509774,1.00086753402179,0.950260161259273
1999-12-01,114408.638297111,1.18450365675155,114408.638297111,112251.388318766,1.01921802492294,1.21073025657625
2000-01-01,111887.837198616,1.09641890373392,111887.837198616,112966.781049952,0.990449016593126,1.07848183521321
2000-02-01,112626.601800503,0.994273763499025,112626.601800503,113716.408914489,0.990416448036041,1.01516869169616
2000-03-01,114727.291925394,1.08251630493462,114727.291925394,114585.984610073,1.00123319894489,1.10648475937662
2000-04-01,116079.749817908,0.980486720339276,116079.749817908,115447.609378583,1.00547556110281,0.933883818409778
2000-05-01,116269.88541072,0.94793680745895,116269.88541072,116223.900934634,1.00039565421325,0.989000716684268
2000-06-01,116639.470390037,0.987037942853966,116639.470390037,116950.557068111,0.997340015422983,0.993265826847377
2000-07-01,117358.386639388,0.965692187773824,117358.386639388,117676.208256664,0.997299185434474,0.949893767222132
2000-08-01,118517.016895012,0.946733046145589,118517.016895012,118390.152673892,1.00107157747713,0.947737320282888
2000-09-01,120109.769991113,0.940098210424102,120109.769991113,119005.283519216,1.00928098685398,0.930573757724039
2000-10-01,119465.226715932,0.94802599047467,119465.226715932,119458.795567023,1.00005383570861,0.951557228199189
2000-11-01,119241.557464983,0.935116731373519,119241.557464983,119821.424625049,0.995160571977167,0.941181936783721
2000-12-01,119660.085633734,1.14723366210841,119660.085633734,120182.788860749,0.995650764706242,1.10970169624019
2001-01-01,121704.843897858,1.12243944247422,121704.843897858,120484.933645502,1.01012500248326,1.17106267454412
2001-02-01,121540.062169061,1.00605583956037,121540.062169061,120585.387227571,1.00791700357265,0.997152690537709
2001-03-01,120092.909802791,1.07165853998799,120092.909802791,120489.115932884,0.996711685308464,1.05114448644216
2001-04-01,120626.502728803,0.975429726660569,120626.502728803,120295.227491416,1.00275385187173,0.984369084022584
2001-05-01,120576.992097994,0.966041994397383,120576.992097994,119998.629617007,1.00481974238234,0.96706675105341
2001-06-01,119507.993959384,0.976075362314618,119507.993959384,119588.277776587,0.999328664826558,0.966186412929354
2001-07-01,119059.060401713,0.963126008945165,119059.060401713,119122.788024092,0.99946502576513,0.966713491704525
2001-08-01,118600.444067094,0.960599127456131,118600.444067094,118642.748854775,0.99964342711131,0.981868161759353
2001-09-01,117047.168464646,0.919424465675575,117047.168464646,118206.160466593,0.990195164132122,0.87572387563532
2001-10-01,117855.100843448,0.959836733523505,117855.100843448,117865.964646437,0.9999078291768,1.00141613859186
2001-11-01,117681.740229258,0.936640749340736,117681.740229258,117570.488786199,1.00094625313042,0.942550643659013
2001-12-01,119047.32280632,1.16099312424703,119047.32280632,117191.07040526,1.01583953789859,1.14199964178264
2002-01-01,116165.830485063,1.0911946797932,116165.830485063,116684.655632869,0.995553612898017,1.09235219573725
2002-02-01,115526.689582016,1.00092285159211,115526.689582016,116196.490863382,0.994235615237697,0.99206512724174
2002-03-01,115599.580931005,1.09495168832296,115599.580931005,115833.353980756,0.997981815757583,1.05913013709863
2002-04-01,114405.367119385,0.955829770673518,114405.367119385,115615.645432794,0.989531881183745,0.981789603304091
2002-05-01,115323.7376596,0.972164502677776,115323.7376596,115568.760678947,0.997879850766699,0.993689610878307
2002-06-01,115290.173230918,0.975417735409099,115290.173230918,115652.557074841,0.996866616241886,0.92905576423642
2002-07-01,115853.602826276,0.960997730898746,115853.602826276,115808.65196,1.0003881477378,1.0026274294998
2002-08-01,116185.269165501,0.951894060838537,116185.269165501,115987.941919447,1.00170127379441,0.933672579830031
2002-09-01,116816.118359984,0.932200285647344,116816.118359984,116126.847159541,1.00593550257586,0.940743465395314
2002-10-01,116674.39329767,0.946710127551763,116674.39329767,116176.096037683,1.00428915480018,0.947714377377508
2002-11-01,117393.958020942,0.977715166590105,117393.958020942,116094.952237224,1.01118916678706,0.967809603793511
2002-12-01,114744.120003317,1.11024841140423,114744.120003317,115934.041397122,0.98973622087641,1.11438390042387
2003-01-01,114794.259006864,1.09994405524204,114794.259006864,115871.204070627,0.990705671245927,1.12429838492431
2003-02-01,115902.701167075,1.00948829030479,115902.701167075,115961.724896269,0.999491006802056,1.00055476561183
2003-03-01,116353.384778725,1.0939810510297,116353.384778725,116099.03048245,1.00219083910708,1.0760838650127
2003-04-01,116977.47542371,0.969568126297005,116977.47542371,116185.014958929,1.0068206770474,0.979513360029101
2003-05-01,117301.644390379,0.967335825927166,117301.644390379,116143.441467722,1.00997217671546,0.948818753380824
2003-06-01,115802.543520242,0.986130697336157,115802.543520242,115982.30248481,0.9984501172962,0.995168124090949
2003-07-01,114919.173358401,0.954398226392365,114919.173358401,115840.469237461,0.992046856464541,0.955410631588689
2003-08-01,115327.642898519,0.952716664024291,115327.642898519,115829.822277497,0.995664507040561,0.92154835847568
2003-09-01,115861.283902647,0.930449934250132,115861.283902647,115935.16216825,0.999362762217936,0.955720463904426
2003-10-01,116725.211276313,0.946335668580635,116725.211276313,116075.192359301,1.00559998138965,0.967288889567527
2003-11-01,117099.251548525,0.966714208561877,117099.251548525,116162.545147845,1.00806375583014,0.92076591928788
2003-12-01,114892.237007524,1.09722856027566,114892.237007524,116246.015922353,0.988354190859037,1.14475967589861
2004-01-01,116001.523070552,1.11267276319318,116001.523070552,116477.474493045,0.995913789987593,1.09137360138799
2004-02-01,116367.906196501,1.00412996604072,116367.906196501,116886.558595244,0.995562771246104,1.00727085182808
2004-03-01,117468.395889694,1.10066301984193,117468.395889694,117415.534665205,1.00045020639423,1.14834291366905
2004-04-01,117863.674987978,0.980866651144927,117863.674987978,118021.831912228,0.998659935016368,0.987055596322327
2004-05-01,117566.723624214,0.936923586233002,117566.723624214,118732.637126231,0.990180345267853,0.921595810956875
2004-06-01,120931.598378837,1.00710440484803,120931.598378837,119523.294982617,1.01178266877954,1.01743466264754
2004-07-01,120895.147677438,0.955052372839845,120895.147677438,120239.884564349,1.00544963192091,0.93677043434503
2004-08-01,120940.658775173,0.94856179529542,120940.658775173,120850.870064537,1.000742971156,0.952095028802983
2004-09-01,121728.869029019,0.936634766815167,121728.869029019,121423.948121635,1.00251120896744,0.942709818265404
2004-10-01,121277.152158474,0.942301821233335,121277.152158474,122011.403271534,0.993982110742339,0.911474239233085
2004-11-01,121925.237987163,0.932522450258499,121925.237987163,122695.922587349,0.993718743182872,0.95784926835489
2004-12-01,123952.298928581,1.1461143724936,123952.298928581,123471.900824147,1.00389074843124,1.17149097882942
2005-01-01,124540.806680078,1.112018494473,124540.806680078,124239.12699512,1.00242821800389,1.09382622155275
2005-02-01,125389.028002254,1.01902656106165,125389.028002254,124948.931329666,1.00352221237833,1.01000862689297
2005-03-01,125425.215176543,1.09556309637959,125425.215176543,125621.760300432,0.998435421352011,1.09672524624639
2005-04-01,126320.6336799,0.972826184325725,126320.6336799,126297.162022395,1.0001858446946,0.962970153460808
2005-05-01,127348.384117236,0.958147230557076,127348.384117236,126971.855331907,1.00296545076344,0.961716168202438
2005-06-01,126763.147239841,0.974892583673363,126763.147239841,127663.762851186,0.992945409165209,0.981215776890296
2005-07-01,128123.119036401,0.956987973323739,128123.119036401,128443.040549765,0.997509234350145,0.925679931084919
2005-08-01,129859.375618731,0.956336159725828,129859.375618731,129276.772710187,1.00450663252439,0.997763922571266
2005-09-01,129805.034569157,0.918444875967128,129805.034569157,130097.958274881,0.997748437334393,0.924239960323589
2005-10-01,130909.423587797,0.94679735699882,130909.423587797,130926.095999703,0.999872657839689,0.93130804993755
2005-11-01,131143.47515676,0.915376425936355,131143.47515676,131797.020264546,0.995041275542694,0.924765794524158
2005-12-01,133555.692302282,1.16206120889912,133555.692302282,132683.175373535,1.00657594247569,1.13981663660919
2006-01-01,134231.48445967,1.1254163207593,134231.48445967,133482.474775904,1.00561129605233,1.12960830769593
2006-02-01,134288.049272123,1.02269232360774,134288.049272123,134163.676034811,1.00092702615929,1.01364194906254
2006-03-01,134531.247799696,1.10610168460998,134531.247799696,134803.110688305,0.997983259531465,1.130592352986
2006-04-01,135053.890130967,0.975024411541569,135053.890130967,135472.201875411,0.996912194984263,0.928681135199983
2006-05-01,135795.905666054,0.953256965906472,135795.905666054,136204.189951825,0.997002410234841,0.99455134039259
2006-06-01,137609.259596967,0.97692384687726,137609.259596967,136962.038422156,1.00472555156354,0.983087914259672
2006-07-01,138148.044765578,0.959761077163242,138148.044765578,137663.926298272,1.00351666903832,0.944059687716233
2006-08-01,137890.92525609,0.938507900907624,137890.92525609,138318.88561721,0.996905987499753,0.939503449987028
2006-09-01,138649.318976252,0.921974237035995,138649.318976252,139011.682664883,0.997393286077224,0.912633404435788
2006-10-01,139119.386495101,0.938773053152566,139119.386495101,139791.825783579,0.995189709521931,0.942269825238313
2006-11-01,139990.06889069,0.92226968227432,139990.06889069,140682.244844262,0.995079862747866,0.928251561198013
2006-12-01,141093.553427331,1.15005642781243,141093.553427331,141684.9750785,0.995825798389411,1.11243211463123
2007-01-01,144177.409676203,1.13241276006359,144177.409676203,142690.999258261,1.01041698793665,1.18146802874706
2007-02-01,144470.26806325,1.0223422748502,144470.26806325,143527.73821319,1.00656688290217,1.01329499808161
2007-03-01,144274.278685739,1.10935051948146,144274.278685739,144176.157213505,1.00068056656615,1.08811495319933
2007-04-01,144764.065059233,0.974982948768999,144764.065059233,144729.058353741,1.00024187751852,0.983918211620539
2007-05-01,145603.265359979,0.965993442769859,145603.265359979,145215.595246219,1.00266961763371,0.967018147923359
2007-06-01,145155.32818371,0.966038763079847,145155.32818371,145651.128241993,0.996595975161553,0.956251497873556
2007-07-01,146003.673746585,0.962288592828059,146003.673746585,146082.769320918,0.999458556442347,0.965872956352911
2007-08-01,146235.691308,0.939162764726042,146235.691308,146525.257365039,0.998023780594235,0.959957167394474
2007-09-01,146967.306227442,0.923483712043695,146967.306227442,146967.617408826,0.999997882653405,0.879590184499569
2007-10-01,147638.02121096,0.940314386962318,147638.02121096,147382.570463387,1.00173324937114,0.981048098667201
2007-11-01,147568.707261155,0.917401803005659,147568.707261155,147752.837253887,0.998753797245763,0.923190305915633
2007-12-01,149744.781764272,1.18012149103265,149744.781764272,148024.998646382,1.01161819377549,1.16081507450214
2008-01-01,147690.798057498,1.10513223663684,147690.798057498,148154.308755396,0.996871432887831,1.10630453724267
2008-02-01,146959.183442947,1.01901137677982,146959.183442947,148288.325732412,0.991036770542113,1.06233578836269
2008-03-01,147929.295507285,1.1170976066054,147929.295507285,148569.012241164,0.995694144261793,1.09882224100766
2008-04-01,149200.168195946,0.974686145318086,149200.168195946,148937.022874158,1.00176682275978,0.984683876542653
2008-05-01,149751.634616899,0.958777028560824,149751.634616899,149271.761629937,1.00321476066017,0.940423791434916
2008-06-01,149698.287613698,0.963128384448713,149698.287613698,149521.68693912,1.00118110408057,0.97195500576111
2008-07-01,149699.703779094,0.953986581171085,149699.703779094,149705.017065529,0.999964508294116,0.954998549702976
2008-08-01,149673.12571229,0.942597460343193,149673.12571229,149853.594379304,0.998795700111426,0.911760206453644
2008-09-01,149908.396929706,0.92713441781542,149908.396929706,149981.988518758,0.999509330488421,0.952314899791382
2008-10-01,149521.832393453,0.932465531068496,149521.832393453,150104.759443556,0.996116531865721,0.95311164743484
2008-11-01,150911.959123827,0.943501389146642,150911.959123827,150198.213194324,1.00475202676733,0.89865641389442
2008-12-01,139194.74661135,1.15430201313763,139194.74661135,138828.729145979,1.00263646773707,1.20430550779372
2009-01-01,140115.295963217,1.10472609911426,140115.295963217,138632.057804616,1.01069909934318,1.08357905506518
2009-02-01,139479.424133964,1.03333866652924,139479.424133964,138188.079163522,1.00934483624246,1.02419407655996
2009-03-01,137589.900149549,1.1299079569549,137589.900149549,137536.303352473,1.00038969199963,1.13411667448261
2009-04-01,135983.952911429,0.973361158216621,135983.952911429,136854.096529153,0.993641815336244,0.979674418545334
2009-05-01,135991.105831875,0.957951638153415,135991.105831875,136274.099344001,0.997923350706492,0.92661206943774
2009-06-01,134734.857381954,0.967013172771868,134734.857381954,135843.900913917,0.991835897493363,0.993276740707221
2009-07-01,135242.757908103,0.950655654599636,135242.757908103,135592.020728294,0.997424163912338,0.97170452623642
2009-08-01,135673.408455839,0.947054094040727,135673.408455839,135475.291076598,1.00146238755176,0.931560586842176
2009-09-01,135362.647559466,0.915634220404343,135362.647559466,135432.527342289,0.999484025114246,0.925026233289302
2009-10-01,135588.587477986,0.937883212128192,135588.587477986,135459.706266228,1.00095143578345,0.919929931567815
2009-11-01,135231.051805617,0.935536333304302,135231.051805617,135577.165242852,0.997447111122181,0.944110086369209
2009-12-01,134745.013338146,1.14853107590769,134745.013338146,135853.706203503,0.991839067947869,1.14974941307265
2010-01-01,134751.154031828,1.07703731762773,134751.154031828,136396.410556465,0.987937684592099,1.04180183842316
2010-02-01,136901.084042748,1.02875261506555,136901.084042748,137218.196993876,0.997688987626462,1.01964860962249
2010-03-01,138914.766256691,1.1376127339131,138914.766256691,138166.25918386,1.00541743749344,1.18689326155101
2010-04-01,139877.907606235,0.990313396358399,139877.907606235,139066.964948353,1.00583131053578,0.996561947383508
2010-05-01,138753.566186066,0.928756265467797,138753.566186066,139927.755728915,0.991608601619222,0.913562104991357
2010-06-01,142843.694374527,1.00088076919633,142843.694374527,140755.989244218,1.01483208736991,1.01114718876773
2010-07-01,141578.427019363,0.944909779241682,141578.427019363,141426.557644301,1.00107383915434,0.926821993735344
2010-08-01,141787.185474949,0.951991682990895,141787.185474949,141966.13741437,0.998739474478343,0.955537692254547
2010-09-01,142140.457106849,0.923317468386593,142140.457106849,142484.472107528,0.997585596552449,0.929306143293914
2010-10-01,143251.321125586,0.947585348613301,143251.321125586,142979.235057169,1.00190297610914,0.916584915017219
2010-11-01,144486.442063967,0.935579961836875,144486.442063967,143365.546439138,1.00781844489607,0.960989820335727
2010-12-01,144606.213988658,1.14957240469465,144606.213988658,143548.208004654,1.00737038796033,1.17502557679386
2011-01-01,143933.526709761,1.0800838753496,143933.526709761,143532.17814508,1.00279622708906,1.06241404275707
2011-02-01,142780.541815489,1.02384167887363,142780.541815489,143436.102044377,0.995429600919542,1.01478113304289
2011-03-01,142436.889384836,1.13670869136955,142436.889384836,143409.137380703,0.993220459911934,1.13791448760222
2011-04-01,143023.273427803,0.977706001156733,143023.273427803,143517.74504128,0.996554630834436,0.967800531218242
2011-05-01,144590.855309097,0.965517456295724,144590.855309097,143685.921437015,1.00629799957457,0.969113846795152
2011-06-01,142993.886056651,0.957231152668833,142993.886056651,143855.639988907,0.994009592308497,0.963439793121083
2011-07-01,143506.391946569,0.952478355840595,143506.391946569,144108.282623933,0.995823344318559,0.92131784658921
2011-08-01,144349.774776101,0.946103969514246,144349.774776101,144476.168720174,0.999125157143961,0.987088481578916
2011-09-01,145556.060020332,0.921047874700954,145556.060020332,144870.870258879,1.00472965862792,0.926859383121218
2011-10-01,147012.748106358,0.951325776993782,147012.748106358,145152.683771055,1.01281453630052,0.935762386405255
2011-11-01,144445.895698933,0.918860185910617,144445.895698933,145307.162559984,0.994072784535343,0.928285288766359
2011-12-01,144004.737220353,1.14882921087032,144004.737220353,145551.168798521,0.989375340707093,1.12683793000294
2012-01-01,146236.093258356,1.08153792583213,146236.093258356,145990.139098292,1.00168473132215,1.08556647311097
2012-02-01,146715.12582801,1.03468636097451,146715.12582801,146507.447028282,1.00141753067124,1.07886626621957
2012-03-01,147079.347558463,1.1531158857197,147079.347558463,147036.659373073,1.00029032341711,1.13104254785925
2012-04-01,148371.936480333,0.99208787493801,148371.936480333,147561.514990929,1.00549209249752,1.00117989644012
2012-05-01,148030.496235873,0.965027259500828,148030.496235873,148064.477843874,0.999770494527145,0.966050939747811
2012-06-01,147945.597125345,0.949348740816769,147945.597125345,148618.895078663,0.995469634241586,0.939730567866845
2012-07-01,149819.179964643,0.957684875463548,149819.179964643,149273.445865209,1.00365593556356,0.961252090913776
2012-08-01,150511.341597118,0.945815995765581,150511.341597118,149964.725679381,1.0036449632756,0.966757710455399
2012-09-01,150108.713708548,0.932225503557301,150108.713708548,150702.719654543,0.996058425837596,0.887916475380535
2012-10-01,148595.7180998,0.90916260773037,148595.7180998,151702.731943355,0.979519064661836,0.948546847799042
2012-11-01,151815.492140558,0.918464876618729,151815.492140558,153158.003093019,0.991234470773002,0.924260087172707
2012-12-01,156422.421339488,1.18033268693147,156422.421339488,154899.577879836,1.00983116597537,1.16102281530246
2013-01-01,155151.154903195,1.03594139410029,155151.154903195,156715.780950657,0.990016155118709,1.03704029854235
2013-02-01,159041.882306107,1.04011539800503,159041.882306107,158629.230943336,1.00260135764585,1.03091083696074
2013-03-01,162489.464336896,1.18730506195928,162489.464336896,160506.113158652,1.0123568575627,1.14846215267895
2013-04-01,162962.302192452,0.977117438715171,162962.302192452,162146.906061739,1.00502874924053,1.00365543318629
2013-05-01,164125.651492262,0.966621126236375,164125.651492262,163569.413275143,1.00340062488445,0.988023496178752
2013-06-01,164579.052143624,0.961892832662969,164579.052143624,164868.406634712,0.998244936692276,0.916173705195574
2013-07-01,165620.372645595,0.956133418418023,165620.372645595,166130.806840314,0.996927516308224,0.997552398662559
2013-08-01,167160.78727313,0.942913607848736,167160.78727313,167395.205445445,0.9985996123862,0.924864033736526
2013-09-01,170070.868861469,0.934670382524632,170070.868861469,168568.906272387,1.00891008088203,0.943236199555536
2013-10-01,170192.365479751,0.920075893852875,170192.365479751,169523.096409716,1.00394795213284,0.921051890653991
2013-11-01,170626.590817208,0.942356214705754,170626.590817208,170266.809181593,1.00211304620873,0.932808885401164
2013-12-01,169968.352745114,1.14290935251773,169968.352745114,170923.401592253,0.994412416098429,1.14716649806212
2014-01-01,171552.856782833,1.05492813213826,171552.856782833,171588.128894433,0.999794437343496,1.07828574509935
2014-02-01,172621.278668974,1.03509389758084,172621.278668974,172229.632241695,1.00227397818936,1.0259337745934
2014-03-01,174180.352935614,1.19053888505521,174180.352935614,172737.123147188,1.00835506440151,1.17106204323401
2014-04-01,172189.301333168,0.963361245645162,172189.301333168,173114.708501252,0.994654370064244,0.973242813011631
2014-05-01,172986.074759686,0.956223788452568,172986.074759686,173514.727335315,0.996953269709446,0.937919426320272
2014-06-01,174515.149397841,0.969005963902153,174515.149397841,173973.747503129,1.00311197466561,0.977886450482054
2014-07-01,173887.375387314,0.947321566520101,173887.375387314,174444.233483027,0.996807815973083,0.948326464947208
2014-08-01,174335.877086069,0.954021624328191,174335.877086069,174987.185704618,0.99627796392104,0.922810626756845
2014-09-01,174251.333308656,0.911931145889691,174251.333308656,175695.679082413,0.991779275498975,0.936698715015752
2014-10-01,177089.514289088,0.931266270952789,177089.514289088,176556.233017705,1.00302046131291,0.951885833990268
2014-11-01,179368.098940435,0.957225756109531,179368.098940435,177368.583226401,1.01127322368856,0.911728456542917
2014-12-01,177371.261619035,1.13631174014363,177371.261619035,178032.105747922,0.996288062054255,1.18553590971038
2015-01-01,177325.499831626,1.04887525377558,177325.499831626,178738.603955436,0.992094018345573,1.02879732567072
2015-02-01,179902.885708395,1.04733966789637,179902.885708395,179591.746774782,1.0017324790209,1.03807117526011
2015-03-01,180653.296590694,1.16304759172755,180653.296590694,180480.833669275,1.00095557471623,1.16737974883357
2015-04-01,181533.912192773,0.974372973452627,181533.912192773,181335.962746239,1.00109161714829,0.980692796456392
2015-05-01,182096.839201476,0.960165059757108,182096.839201476,182164.542710999,0.999628338706778,0.928753078535746
2015-06-01,182892.997746089,0.958371853055861,182892.997746089,182982.793686118,0.999509265662523,0.98440072730368
2015-07-01,184060.890157203,0.953213374888928,184060.890157203,183783.031951405,1.00151188171643,0.974318878099713
2015-08-01,185764.215944864,0.964273275992789,185764.215944864,184490.152199868,1.00690586315748,0.948498068391689
2015-09-01,184837.225863228,0.916157518899163,184837.225863228,185068.563854657,0.99874998764452,0.925554899458349
2015-10-01,184654.868910695,0.933165123298152,184654.868910695,185638.66466928,0.994700480310296,0.915302158004516
2015-11-01,186575.370480246,0.939850589872834,186575.370480246,186279.26509795,1.0015895777887,0.948463881081969
2015-12-01,187686.058763823,1.15145873723794,187686.058763823,186898.655680204,1.00421299490226,1.15268018000333
2016-01-01,186642.585815162,1.05860565243601,186642.585815162,187472.784389324,0.995571631493786,1.02397316863832
2016-02-01,187952.229509228,1.04058906896805,187952.229509228,188091.449914276,0.999259825977672,1.10317393170279
2016-03-01,189112.531993987,1.1445270079877,189112.531993987,188747.106177257,1.00193606049985,1.14574109772318
2016-04-01,189044.59967194,0.974470463452332,189044.59967194,189400.382004927,0.998121533181605,0.964597773839858
2016-05-01,190813.178851831,0.970745556225636,190813.178851831,190045.322110452,1.00404038748679,0.974361420519965
2016-06-01,189238.490330558,0.948290486732271,189238.490330558,190714.279039883,0.99226178177767,0.95444113765916
2016-07-01,190843.114259798,0.961545723911895,190843.114259798,191514.295308905,0.996495399740136,0.930088574002022
2016-08-01,193722.700494759,0.954453458055018,193722.700494759,192383.655788373,1.00696028309109,0.995799663680712
2016-09-01,193614.138844386,0.917054351068125,193614.138844386,193148.884518057,1.00240878598647,0.922840661670928
2016-10-01,195002.339112946,0.953146025476111,195002.339112946,193762.415889866,1.00639919365882,0.937552856194749
2016-11-01,192681.203067886,0.918350952130625,192681.203067886,194320.879489035,0.991562016261654,0.927770831579338
2016-12-01,193316.099955969,1.13926821415527,193316.099955969,195043.284462553,0.991144609201267,1.11745995315032
2017-01-01,197463.318674653,1.09942118711635,197463.318674653,195922.733912857,1.00786322613527,1.10351634654245
2017-02-01,197300.059117409,1.04217739028616,197300.059117409,196723.586602802,1.00293036805887,1.03295458152256
2017-03-01,193921.67914432,1.10443497481136,193921.67914432,197555.763207319,0.981604768172795,1.12888873985604
2017-04-01,199919.01190482,1.0004842734194,199919.01190482,198593.078615387,1.00667663394252,0.952930880284163
2017-05-01,200598.856758199,0.943911681840452,200598.856758199,199588.215978968,1.00506362950475,0.984801225652677
2017-06-01,202731.209417506,0.958970829563732,202731.209417506,200273.613026192,1.01227119416372,0.965021619325997
2017-07-01,202175.764278405,0.979573246583613,202175.764278405,200566.251798435,1.00802484199379,0.963547736274381
2017-08-01,197722.05769296,0.917598903952881,197722.05769296,200674.476799818,0.98528752059584,0.918572273216165
2017-09-01,200341.589836017,0.941048097720225,200341.589836017,200929.609026184,0.997073506522922,0.931514021390927
2017-10-01,200762.976860446,0.946276894088135,200762.976860446,201327.846975729,0.997194277275753,0.949801616722134
2017-11-01,201589.420982164,0.917845294427136,201589.420982164,201741.548197991,0.999245930165667,0.923798476590086
2017-12-01,204664.447213402,1.1637893798889,204664.447213402,202003.089311629,1.0131748376267,1.12571579058755
2018-01-01,205782.918338807,1.10576156591547,205782.918338807,201800.438499566,1.01973474323867,1.15366232492209
2018-02-01,200501.48902718,1.00985200329208,200501.48902718,201116.337819035,0.996942820267502,1.00091525990011
2018-03-01,200686.71555084,1.16522076360764,200686.71555084,200276.915979274,1.00204616477921,1.14291571004307
2018-04-01,197619.170065259,0.977439444658569,197619.170065259,199536.781166194,0.990389686103347,0.98639722014635
2018-05-01,197205.911920597,0.946685418039165,197205.911920597,199093.529730281,0.99051893945403,0.947689641653589
2018-06-01,197141.852519777,0.951761183291292,197141.852519777,199074.263639037,0.990293013853547,0.942118569071312
2018-07-01,198989.728645745,0.963591358035607,198989.728645745,199430.555003652,0.997789574632141,0.967180574142237
2018-08-01,200804.160321608,0.931458058214481,200804.160321608,199982.893812965,1.00410668379172,0.952081867695384
2018-09-01,201046.808995918,0.928863600899621,201046.808995918,200567.599150391,1.0023892684938,0.884714365218359
2018-10-01,201355.480910768,0.937599149902119,201355.480910768,201165.266510131,1.00094556283963,0.978215239580632
2018-11-01,200846.8448036,0.921048949952352,200846.8448036,201862.844316541,0.994966882011493,0.926860465157098
2018-12-01,202568.629263771,1.17460233070574,202568.629263771,202737.886167996,0.999165144179887,1.1553862059028
2019-01-01,200645.764090288,1.05251652121295,200645.764090288,203893.589674335,0.984070977468029,1.05363300819483
2019-02-01,205116.201304649,1.03187877030283,205116.201304649,205411.858763699,0.998560660222685,1.02274709976918
2019-03-01,209063.106537658,1.17520921472535,209063.106537658,207045.54610518,1.0097445246731,1.13676202337112
2019-04-01,211235.629507926,0.985478918971304,211235.629507926,208402.21025904,1.01359591745867,1.01224400683776
2019-05-01,210824.35224253,0.943681032828609,210824.35224253,209343.513498406,1.00707372642876,0.964575476394975
2019-06-01,210816.683888102,0.96518122486832,210816.683888102,209969.530382775,1.00403464971219,0.919305798884818
2019-07-01,209431.553244529,0.965117473492182,209431.553244529,210485.84273301,0.994991161995545,1.00692563624249
2019-08-01,209870.802930552,0.939931109583297,209870.802930552,211111.30169133,0.994123958543011,0.921938627470856
2019-09-01,212526.596174244,0.942173477754202,212526.596174244,211885.676092443,1.00302483911901,0.950808057144654
2019-10-01,212251.270074871,0.930324402306909,212251.270074871,212722.335068671,0.997785540509191,0.931311270506281
2019-11-01,214259.187998398,0.945171670427485,214259.187998398,213601.789639647,1.00307768188581,0.935595816789422
2019-12-01,213513.748145539,1.13659688581718,213513.748145539,214561.555803659,0.995116517242824,1.14083051848242
2020-01-01,215380.439963075,1.05584724404172,215380.439963075,215679.604455983,0.998612921728676,1.07922520745083
2020-02-01,217079.645767729,1.02628103129973,217079.645767729,216959.122061501,1.00055551343074,1.02688116710175
2020-03-01,218172.447767084,1.16711591742151,218172.447767084,218355.07543825,0.999163620672434,1.17146322835802
2020-04-01,187438.408407391,0.968306332695757,187438.408407391,189114.259332358,0.991138421127609,0.97458680721916
2020-05-01,189302.469427528,0.93972781739926,189302.469427528,190796.932101826,0.992167260459406,0.908984444420447
2020-06-01,192376.677855172,0.95741162972268,192376.677855172,192779.98485576,0.9979079415278,0.983414424811028
2020-07-01,195965.131244936,0.971198396476676,195965.131244936,194878.964877179,1.00557354339624,0.992702113708441
2020-08-01,198192.546877615,0.953535928161609,198192.546877615,196882.578186774,1.00665355311225,0.937936380194909
2020-09-01,198512.026734135,0.926131284035596,198512.026734135,198744.33824232,0.998831103767585,0.935630969345506
2020-10-01,201202.194194165,0.945656577825324,201202.194194165,200525.849279389,1.00337285650307,0.927554496845604
2020-11-01,203070.264620917,0.950162282601782,203070.264620917,202195.565190296,1.00432600700118,0.958870075653327
